,taxa_group,taxa_phyla,taxa_class,Light_Level_old,Light_Level,Method,Max_CFF_Hz,Bodymass.g.,Habitat,mode_of_life,animalAcanthaster_planci,invert,echinoderm,echinoderm,high,high,ERG,0.7,1600,marine_reef,pred_forage,Acanthaster_planciBooralana_tricarinata,invert,arthropod,crustacean,low,low,ERG,4,0.956,demersal,scavenger,Booralana_tricarinataBufo_marinus,vert,amphibian,amphibian,low,low,ERG,7,2500,terrestrial,pred_ballistic,Bufo_marinusGastroptychus_spinifer,invert,arthropod,crustacean,low,low,ERG,10,3.08,demersal,pred_forage,Gastroptychus_spiniferLycosa_beihaiensis,invert,arthropod,spider,low,low,ERG,10,6.2,terrestrial,pred_ballistic,Lycosa_beihaiensisMustelus_manazo,vert,elasmo,shark,low,low,ERG,10,5700,demersal,pred_forage,Mustelus_manazoGlyptonotus_antarcticus,invert,arthropod,crustacean,low,low,ERG,12,3.93,demersal,scavenger,Glyptonotus_antarcticusMustelus_canis,vert,elasmo,shark,low,low,ERG,13,1570,demersal,pred_forage,Mustelus_canisBathynectes_longipes,invert,arthropod,crustacean,low,low,ERG,14,1.79,demersal,pred_forage,Bathynectes_longipesAnguilla_anguilla,vert,fish,fish,low,low,Beh,14,71.1,demersal,pred_forage,Anguilla_anguillaDermochelys_coriacea_MVZ149847,vert,reptile,turtle,high,high,ERG,15,354000,pelagic,pred_forage,Dermochelys_coriacea_MVZ149847Heterocarpus_ensifer,invert,arthropod,crustacean,low,low,ERG,16,0.066,demersal,scavenger,Heterocarpus_ensiferAcanthephyra_purpurea,invert,arthropod,crustacean,low,low,ERG,18,0.27,pelagic,pred_forage,Acanthephyra_purpureaCarcharhinus_acronotus,vert,elasmo,shark,low,low,ERG,18,14491,pelagic,pred_ballistic,Carcharhinus_acronotusGekko_gecko,vert,reptile,reptile,low,low,ERG,20,54.8,arboreal,pred_ballistic,Gekko_geckoSqualus_acanthias,vert,elasmo,shark,low,low,ERG,20,2000,demersal,pred_forage,Squalus_acanthiasSystellaspis_debilis,invert,arthropod,crustacean,low,low,ERG,21,0.28,bathypelagic,pred_ballistic,Systellaspis_debilisPasiphaea_multidentata,invert,arthropod,crustacean,low,low,ERG,21,7.39,bathypelagic,pred_ballistic,Pasiphaea_multidentataSergestes_arcticus,invert,arthropod,crustacean,low,low,ERG,21,0.62,benthopelagic,pred_ballistic,Sergestes_arcticusRana_clamitans,vert,amphibian,amphibian,low,low,ERG,21,60,terrestrial,pred_ballistic,Rana_clamitansEugonatonotus_crassus,invert,arthropod,crustacean,low,low,ERG,24,1.44,demersal,pred_forage,Eugonatonotus_crassusFunchalia_villosa,invert,arthropod,crustacean,low,low,ERG,24,0.0245,demersal,pred_ballistic,Funchalia_villosaOncorhynchus_mykiss,vert,fish,fish,low,low,Beh,27,4000,benthopelagic,pred_ballistic,Oncorhynchus_mykissSphyrna_lewini,vert,elasmo,shark,low,low,ERG,27.3,1893,pelagic,pred_ballistic,Sphyrna_lewiniJanicella_spinicauda,invert,arthropod,crustacean,low,low,ERG,29,0.27,demersal,scavenger,Janicella_spinicaudaAnolis_limifrons,vert,reptile,reptile,high,low,ERG,29,1.006,arboreal,pred_ballistic,Anolis_limifronsAmbystoma_tigrinum,vert,amphibian,amphibian,low,low,ERG,30,10.78,terrestrial,pred_ballistic,Ambystoma_tigrinumLeucoraja_erinacea,vert,elasmo,skate,low,low,ERG,30,500,demersal,pred_ballistic,Leucoraja_erinaceaRhinobatos_productus,vert,elasmo,skate,low,low,VEP,30,9800,demersal,pred_forage,Rhinobatos_productusOplophorus_gracilirostris,invert,arthropod,crustacean,low,low,ERG,32,0.26,bathypelagic,pred_ballistic,Oplophorus_gracilirostrisEuphausia_gibboides,invert,arthropod,crustacean,low,low,ERG,32,0.07,bathypelagic,pred_forage,Euphausia_gibboidesPagophilus_groenlandicus,vert,mammalia,carnivora,low,low,Beh,32.7,119600,benthopelagic,pred_ballistic,Pagophilus_groenlandicusAnolis_valencienni,vert,reptile,reptile,high,high,ERG,33.4,4,arboreal,pred_ballistic,Anolis_valencienniBranchiomma_vesiculosum,invert,annelid,polychaete,low,low,ERG,35,2,demersal,deposite,Branchiomma_vesiculosumAnolis_sagrei,vert,reptile,reptile,high,high,ERG,35,8,arboreal,pred_ballistic,Anolis_sagreiAnolis_carolinensis,vert,reptile,reptile,high,high,ERG,36,6,arboreal,pred_ballistic,Anolis_carolinensisThunnus_obesus,vert,fish,fish,low,low,ERG,37,210000,pelagic,pred_pursuit,Thunnus_obesusNegaprion_brevirostris,vert,elasmo,shark,low,low,ERG,37,92987,demersal,pred_ballistic,Negaprion_brevirostrisOryzias_latipes,vert,fish,fish,low,low,ERG,37.2,0.21,benthopelagic,pred_forage,Oryzias_latipesAmia_calva,vert,fish,fish,low,low,ERG,38,9800,demersal,pred_ballistic,Amia_calvaGaleocerdo_cuvier,vert,elasmo,shark,low,low,ERG,38,807400,benthopelagic,pred_ballistic,Galeocerdo_cuvierRattus_norvegicus,vert,mammalia,rodent,low,low,ERG,39,237,terrestrial,pred_forage,Rattus_norvegicusMaevia_inclemens,invert,arthropod,spider,high,high,ERG,40,0.0145,terrestrial,pred_ballistic,Maevia_inclemensBubo_virginianus,vert,aves,aves,low,low,ERG,40,1450,volant,pred_ballistic,Bubo_virginianusCaretta_caretta_HBS112700,vert,reptile,turtle,high,high,ERG,40,135000,pelagic,pred_forage,Caretta_caretta_HBS112700Chelonia_mydas_HBS109887,vert,reptile,turtle,high,high,ERG,40,128000,pelagic,pred_forage,Chelonia_mydas_HBS109887Centropomus_undecimalis,vert,fish,fish,low,low,ERG,40,24300,benthopelagic,pred_ballistic,Centropomus_undecimalisXiphias_gladius,vert,fish,fish,high,low,ERG,40,550000,pelagic,pred_pursuit,Xiphias_gladiusCynoscion_regalis,vert,fish,fish,low,low,ERG,42,8900,demersal,pred_ballistic,Cynoscion_regalisStylocheiron_maximum,invert,arthropod,crustacean,high,low,ERG,44,0.048,bathypelagic,pred_ballistic,Stylocheiron_maximumNematobrachion_flexipes,invert,arthropod,crustacean,low,low,ERG,44,0.038,bathypelagic,pred_ballistic,Nematobrachion_flexipesLagodon_rhomboides,vert,fish,fish,high,high,ERG,44,1500,demersal,pred_forage,Lagodon_rhomboidesFelis_silvestris,vert,mammalia,carnivora,low,low,ERG,47.5,3054,terrestrial,pred_pursuit,Felis_silvestrisNematoscelis_megalops,invert,arthropod,crustacean,low,low,ERG,48,0.066,bathypelagic,pred_ballistic,Nematoscelis_megalopsTautoga_onitis,vert,fish,fish,high,high,ERG,48,11300,marine_reef,pred_forage,Tautoga_onitisNematobrachion_boopis,invert,arthropod,crustacean,low,low,ERG,50,0.072,bathypelagic,pred_ballistic,Nematobrachion_boopisCavia_porcellus,vert,mammalia,rodent,low,low,ERG,50,629,terrestrial,herbivore,Cavia_porcellusParalichthys_dentatus,vert,fish,fish,high,low,ERG,52,12000,demersal,pred_ballistic,Paralichthys_dentatusCentropristis_striata,vert,fish,fish,high,low,ERG,52,4300,benthopelagic,pred_ballistic,Centropristis_striataNematobrachion_sexspinosum,invert,arthropod,crustacean,low,low,ERG,54,0.13,bathypelagic,pred_ballistic,Nematobrachion_sexspinosumSciaenops_ocellatus,vert,fish,fish,high,high,ERG,54,45000,demersal,pred_ballistic,Sciaenops_ocellatusCarcharhinus_plumbeus,vert,elasmo,shark,high,high,ERG,54,4700,benthopelagic,pred_ballistic,Carcharhinus_plumbeusLeiostomus_xanthurus,vert,fish,fish,high,high,ERG,55,450,demersal,pred_forage,Leiostomus_xanthurusSphenodon_punctatus,vert,reptile,reptile,low,low,Beh,55.4,353.75,terrestrial,herbivore,Sphenodon_punctatusCambarus_diogenes,invert,arthropod,crustacean,low,low,ERG,56,29,demersal,pred_forage,Cambarus_diogenesPagurus_bernhardus,invert,arthropod,crustacean,high,low,ERG,56,7.3,demersal,pred_forage,Pagurus_bernhardusPomatomus_saltatrix,vert,fish,fish,high,high,ERG,56,14400,pelagic,pred_pursuit,Pomatomus_saltatrixAnolis_cristatellus,vert,reptile,reptile,high,high,ERG,58.5,6,arboreal,pred_ballistic,Anolis_cristatellusMicropogonias_undulatus,vert,fish,fish,high,high,ERG,59,2600,demersal,pred_forage,Micropogonias_undulatusPeriplaneta_americana,invert,arthropod,insect,low,low,ERG,60,42.5,terrestrial,scavenger,Periplaneta_americanaJasus_edwardsii,invert,arthropod,crustacean,low,low,ERG,60,226.4,demersal,pred_forage,Jasus_edwardsiiHomo_sapiens,vert,mammalia,primate,high,high,Beh,60,67100,terrestrial,pred_forage,Homo_sapiensParalabrax_nebulifer,vert,fish,fish,high,high,VEP,60,6000,marine_reef,pred_ballistic,Paralabrax_nebuliferCynoscion_nebulosus,vert,fish,fish,high,high,ERG,60,7900,demersal,pred_ballistic,Cynoscion_nebulosusChaetodipterus_faber,vert,fish,fish,high,high,ERG,60,9000,marine_reef,pred_forage,Chaetodipterus_faberTamiasciurus_hudsonicus,vert,mammalia,rodent,high,high,ERG,65,215,arboreal,herbivore,Tamiasciurus_hudsonicusRachycentron_canadum,vert,fish,fish,high,high,ERG,65,68000,marine_reef,pred_pursuit,Rachycentron_canadumSalvelinus_fontinalis,vert,fish,fish,high,high,ERG,67,8000,benthopelagic,pred_ballistic,Salvelinus_fontinalisCarassius_auratus,vert,fish,fish,high,high,ERG,67.2,10.8,benthopelagic,pred_forage,Carassius_auratusAsio_flammeus,vert,aves,aves,high,low,ERG,67.5,406,volant,pred_pursuit,Asio_flammeusTupaia_belangeri,vert,mammalia,shrew,high,high,Beh,70,270,arboreal,herbivore,Tupaia_belangeriMorone_saxatilis,vert,fish,fish,high,high,ERG,74,57000,demersal,pred_ballistic,Morone_saxatilisMelopsittacus_undulatus,vert,aves,aves,high,high,Beh,74.7,33.6,volant,herbivore,Melopsittacus_undulatusCanis_lupus,vert,mammalia,mammalia,high,high,Beh,75,13900,terrestrial,pred_forage,Canis_lupusIguana_iguana,vert,reptile,rodent,high,high,ERG,80,750,arboreal,pred_ballistic,Iguana_iguanaThunnus_albacares,vert,fish,fish,high,high,ERG,80,45349,pelagic,pred_pursuit,Thunnus_albacaresSaturnia_pavonia,invert,arthropod,insect,low,low,ERG,85,0.34,volant,herbivore,Saturnia_pavoniaGallus_gallus,vert,aves,aves,high,high,Beh,87,2710,terrestrial,herbivore,Gallus_gallusLocustaevora_migratoriae,invert,arthropod,insect,low,high,ERG,90,1,volant,herbivore,Locustaevora_migratoriaeTupaia_glis,vert,mammalia,shrew,high,high,Beh,90,142,arboreal,herbivore,Tupaia_glisMacaca_mulatta,vert,mammalia,primate,high,high,Beh,95,7710,terrestrial,herbivore,Macaca_mulattaSalmo_salar,vert,fish,fish,high,high,ERG,96,35000,benthopelagic,pred_ballistic,Salmo_salarDrosophila_hydei,invert,arthropod,insect,low,high,ERG,100,0.00102,volant,scavenger,Drosophila_hydeiRhynchophorus_ferrugineus,invert,arthropod,insect,high,high,ERG,100,1.8,volant,herbivore,Rhynchophorus_ferrugineusSturnus_vulgaris,vert,aves,aves,high,high,ERG,100,75,volant,herbivore,Sturnus_vulgarisSpermophilus_lateralis,vert,mammalia,rodent,high,high,ERG,108,215.5,terrestrial,herbivore,Spermophilus_lateralisLigia_occidentalis,invert,arthropod,crustacean,high,high,ERG,120,1,demersal,scavenger,Ligia_occidentalisParus_caeruleus,vert,aves,aves,high,high,Beh,131,10,volant,pred_forage,Parus_caeruleusFicedula_albicollis,vert,aves,aves,high,high,Beh,141,13,volant,pred_pursuit,Ficedula_albicollisColumba_livia,vert,aves,aves,high,high,ERG,143,315,volant,herbivore,Columba_liviaFicedula_hypoleuca,vert,aves,aves,high,high,Beh,146,13,volant,pred_pursuit,Ficedula_hypoleucaAlpheus_heterochaelis,invert,arthropod,crustacean,high,high,ERG,200,1,marine_reef,pred_ballistic,Alpheus_heterochaelisChrysomya_megacephala,invert,arthropod,insect,high,high,ERG,300,0.00915,volant,scavenger,Chrysomya_megacephalaMelanophila_acuminata,invert,arthropod,insect,high,high,ERG,300,0.02116,volant,pred_forage,Melanophila_acuminataApis_mellifera_mellifera,invert,arthropod,insect,high,high,ERG,300,0.0268,volant,herbivore,Apis_mellifera_melliferaSympetrum_flaveolum,invert,arthropod,insect,high,high,ERG,300,0.72,volant,pred_pursuit,Sympetrum_flaveolum